--------------------------------------------------------
--  File created - Monday-June-15-2026   
--------------------------------------------------------
--------------------------------------------------------
--  DDL for Table ADMIN
--------------------------------------------------------

  CREATE TABLE "ADMIN"."ADMIN" 
   (	"ADMIN_ID" NUMBER GENERATED BY DEFAULT AS IDENTITY MINVALUE 1 MAXVALUE 9999999999999999999999999999 INCREMENT BY 1 START WITH 1 CACHE 20 NOORDER  NOCYCLE  NOKEEP  NOSCALE , 
	"NAME" VARCHAR2(100 BYTE) COLLATE "USING_NLS_COMP", 
	"EMAIL" VARCHAR2(255 BYTE) COLLATE "USING_NLS_COMP", 
	"PASSWORD" VARCHAR2(255 BYTE) COLLATE "USING_NLS_COMP", 
	"ADDRESS" VARCHAR2(500 BYTE) COLLATE "USING_NLS_COMP", 
	"MOBILE_NUMBER" VARCHAR2(20 BYTE) COLLATE "USING_NLS_COMP"
   )  DEFAULT COLLATION "USING_NLS_COMP" SEGMENT CREATION DEFERRED 
  PCTFREE 10 PCTUSED 40 INITRANS 10 MAXTRANS 255 
 NOCOMPRESS LOGGING
  TABLESPACE "DATA" ;
--------------------------------------------------------
--  DDL for Table DOCTOR
--------------------------------------------------------

  CREATE TABLE "ADMIN"."DOCTOR" 
   (	"DOCTOR_ID" NUMBER, 
	"NAME" VARCHAR2(100 BYTE) COLLATE "USING_NLS_COMP", 
	"EMAIL" VARCHAR2(255 BYTE) COLLATE "USING_NLS_COMP", 
	"LICENSE_NUMBER" VARCHAR2(50 BYTE) COLLATE "USING_NLS_COMP", 
	"ADDRESS" VARCHAR2(500 BYTE) COLLATE "USING_NLS_COMP", 
	"MOBILE_NUMBER" VARCHAR2(20 BYTE) COLLATE "USING_NLS_COMP", 
	"SPECIALIST_AREA" VARCHAR2(100 BYTE) COLLATE "USING_NLS_COMP"
   )  DEFAULT COLLATION "USING_NLS_COMP" SEGMENT CREATION IMMEDIATE 
  PCTFREE 10 PCTUSED 40 INITRANS 10 MAXTRANS 255 
 NOCOMPRESS LOGGING
  STORAGE(INITIAL 65536 NEXT 1048576 MINEXTENTS 1 MAXEXTENTS 2147483645
  PCTINCREASE 0 FREELISTS 1 FREELIST GROUPS 1
  BUFFER_POOL DEFAULT FLASH_CACHE DEFAULT CELL_FLASH_CACHE DEFAULT)
  TABLESPACE "DATA" ;
--------------------------------------------------------
--  DDL for Table DOCTOR_NURSE_ALLOCATION
--------------------------------------------------------

  CREATE TABLE "ADMIN"."DOCTOR_NURSE_ALLOCATION" 
   (	"ALLOCATION_ID" NUMBER GENERATED BY DEFAULT AS IDENTITY MINVALUE 1 MAXVALUE 9999999999999999999999999999 INCREMENT BY 1 START WITH 1 CACHE 20 NOORDER  NOCYCLE  NOKEEP  NOSCALE , 
	"DOCTOR_ID" NUMBER, 
	"NURSE_ID" NUMBER, 
	"ALLOCATION_DATE" DATE DEFAULT SYSDATE, 
	"SHIFT_DETAILS" VARCHAR2(100 BYTE) COLLATE "USING_NLS_COMP"
   )  DEFAULT COLLATION "USING_NLS_COMP" SEGMENT CREATION IMMEDIATE 
  PCTFREE 10 PCTUSED 40 INITRANS 10 MAXTRANS 255 
 NOCOMPRESS LOGGING
  STORAGE(INITIAL 65536 NEXT 1048576 MINEXTENTS 1 MAXEXTENTS 2147483645
  PCTINCREASE 0 FREELISTS 1 FREELIST GROUPS 1
  BUFFER_POOL DEFAULT FLASH_CACHE DEFAULT CELL_FLASH_CACHE DEFAULT)
  TABLESPACE "DATA" ;
--------------------------------------------------------
--  DDL for Table DOCTOR_PATIENT
--------------------------------------------------------

  CREATE TABLE "ADMIN"."DOCTOR_PATIENT" 
   (	"DOCTOR_ID" NUMBER, 
	"PATIENT_ID" NUMBER
   )  DEFAULT COLLATION "USING_NLS_COMP" SEGMENT CREATION IMMEDIATE 
  PCTFREE 10 PCTUSED 40 INITRANS 10 MAXTRANS 255 
 NOCOMPRESS LOGGING
  STORAGE(INITIAL 65536 NEXT 1048576 MINEXTENTS 1 MAXEXTENTS 2147483645
  PCTINCREASE 0 FREELISTS 1 FREELIST GROUPS 1
  BUFFER_POOL DEFAULT FLASH_CACHE DEFAULT CELL_FLASH_CACHE DEFAULT)
  TABLESPACE "DATA" ;
--------------------------------------------------------
--  DDL for Table DRUG_STOCK
--------------------------------------------------------

  CREATE TABLE "ADMIN"."DRUG_STOCK" 
   (	"DRUG_ID" NUMBER GENERATED BY DEFAULT AS IDENTITY MINVALUE 1 MAXVALUE 9999999999999999999999999999 INCREMENT BY 1 START WITH 1 CACHE 20 NOORDER  NOCYCLE  NOKEEP  NOSCALE , 
	"DRUG_CODE" VARCHAR2(50 BYTE) COLLATE "USING_NLS_COMP", 
	"DRUG_NAME" VARCHAR2(100 BYTE) COLLATE "USING_NLS_COMP", 
	"QUANTITY" NUMBER DEFAULT 0, 
	"MANUFACTURE_DATE" DATE, 
	"EXPIRE_DATE" DATE
   )  DEFAULT COLLATION "USING_NLS_COMP" SEGMENT CREATION IMMEDIATE 
  PCTFREE 10 PCTUSED 40 INITRANS 10 MAXTRANS 255 
 NOCOMPRESS LOGGING
  STORAGE(INITIAL 65536 NEXT 1048576 MINEXTENTS 1 MAXEXTENTS 2147483645
  PCTINCREASE 0 FREELISTS 1 FREELIST GROUPS 1
  BUFFER_POOL DEFAULT FLASH_CACHE DEFAULT CELL_FLASH_CACHE DEFAULT)
  TABLESPACE "DATA" ;
--------------------------------------------------------
--  DDL for Table LAB_REPORT
--------------------------------------------------------

  CREATE TABLE "ADMIN"."LAB_REPORT" 
   (	"REPORT_ID" NUMBER GENERATED BY DEFAULT AS IDENTITY MINVALUE 1 MAXVALUE 9999999999999999999999999999 INCREMENT BY 1 START WITH 1 CACHE 20 NOORDER  NOCYCLE  NOKEEP  NOSCALE , 
	"PATIENT_ID" NUMBER, 
	"DOCTOR_ID" NUMBER, 
	"TEST_NAME" VARCHAR2(200 BYTE) COLLATE "USING_NLS_COMP", 
	"TEST_RESULT" CLOB COLLATE "USING_NLS_COMP", 
	"STATUS" VARCHAR2(20 BYTE) COLLATE "USING_NLS_COMP" DEFAULT 'Pending', 
	"REPORT_DATE" TIMESTAMP (6) DEFAULT CURRENT_TIMESTAMP
   )  DEFAULT COLLATION "USING_NLS_COMP" SEGMENT CREATION DEFERRED 
  PCTFREE 10 PCTUSED 40 INITRANS 10 MAXTRANS 255 
 NOCOMPRESS LOGGING
  TABLESPACE "DATA" 
 LOB ("TEST_RESULT") STORE AS SECUREFILE (
  TABLESPACE "DATA" ENABLE STORAGE IN ROW CHUNK 8192
  NOCACHE LOGGING  NOCOMPRESS  KEEP_DUPLICATES ) ;
--------------------------------------------------------
--  DDL for Table MEDICAL_RECORD
--------------------------------------------------------

  CREATE TABLE "ADMIN"."MEDICAL_RECORD" 
   (	"RECORD_ID" NUMBER GENERATED BY DEFAULT AS IDENTITY MINVALUE 1 MAXVALUE 9999999999999999999999999999 INCREMENT BY 1 START WITH 1 CACHE 20 NOORDER  NOCYCLE  NOKEEP  NOSCALE , 
	"APPOINTMENT_ID" NUMBER, 
	"PATIENT_ID" NUMBER, 
	"DOCTOR_ID" NUMBER, 
	"DIAGNOSIS" VARCHAR2(1000 BYTE) COLLATE "USING_NLS_COMP", 
	"CLINICAL_ADVICE" CLOB COLLATE "USING_NLS_COMP", 
	"TREATMENT_NOTES" VARCHAR2(2000 BYTE) COLLATE "USING_NLS_COMP", 
	"RECORD_DATE" TIMESTAMP (6) DEFAULT CURRENT_TIMESTAMP
   )  DEFAULT COLLATION "USING_NLS_COMP" SEGMENT CREATION IMMEDIATE 
  PCTFREE 10 PCTUSED 40 INITRANS 10 MAXTRANS 255 
 NOCOMPRESS LOGGING
  STORAGE(INITIAL 65536 NEXT 1048576 MINEXTENTS 1 MAXEXTENTS 2147483645
  PCTINCREASE 0 FREELISTS 1 FREELIST GROUPS 1
  BUFFER_POOL DEFAULT FLASH_CACHE DEFAULT CELL_FLASH_CACHE DEFAULT)
  TABLESPACE "DATA" 
 LOB ("CLINICAL_ADVICE") STORE AS SECUREFILE (
  TABLESPACE "DATA" ENABLE STORAGE IN ROW CHUNK 8192
  NOCACHE LOGGING  NOCOMPRESS  KEEP_DUPLICATES 
  STORAGE(INITIAL 106496 NEXT 1048576 MINEXTENTS 1 MAXEXTENTS 2147483645
  PCTINCREASE 0
  BUFFER_POOL DEFAULT FLASH_CACHE DEFAULT CELL_FLASH_CACHE DEFAULT)) ;
--------------------------------------------------------
--  DDL for Table NURSE
--------------------------------------------------------

  CREATE TABLE "ADMIN"."NURSE" 
   (	"NURSE_ID" NUMBER GENERATED BY DEFAULT AS IDENTITY MINVALUE 1 MAXVALUE 9999999999999999999999999999 INCREMENT BY 1 START WITH 1 CACHE 20 NOORDER  NOCYCLE  NOKEEP  NOSCALE , 
	"NAME" VARCHAR2(100 BYTE) COLLATE "USING_NLS_COMP", 
	"EMAIL" VARCHAR2(255 BYTE) COLLATE "USING_NLS_COMP", 
	"ADDRESS" VARCHAR2(500 BYTE) COLLATE "USING_NLS_COMP", 
	"PHONE_NUMBER" VARCHAR2(20 BYTE) COLLATE "USING_NLS_COMP", 
	"LICENSE_NUMBER" VARCHAR2(50 BYTE) COLLATE "USING_NLS_COMP", 
	"ALLOCATED_WARD" VARCHAR2(100 BYTE) COLLATE "USING_NLS_COMP"
   )  DEFAULT COLLATION "USING_NLS_COMP" SEGMENT CREATION IMMEDIATE 
  PCTFREE 10 PCTUSED 40 INITRANS 10 MAXTRANS 255 
 NOCOMPRESS LOGGING
  STORAGE(INITIAL 65536 NEXT 1048576 MINEXTENTS 1 MAXEXTENTS 2147483645
  PCTINCREASE 0 FREELISTS 1 FREELIST GROUPS 1
  BUFFER_POOL DEFAULT FLASH_CACHE DEFAULT CELL_FLASH_CACHE DEFAULT)
  TABLESPACE "DATA" ;
--------------------------------------------------------
--  DDL for Table PATIENTS
--------------------------------------------------------

  CREATE TABLE "ADMIN"."PATIENTS" 
   (	"PATIENT_ID" NUMBER GENERATED BY DEFAULT AS IDENTITY MINVALUE 1 MAXVALUE 9999999999999999999999999999 INCREMENT BY 1 START WITH 1 CACHE 20 NOORDER  NOCYCLE  NOKEEP  NOSCALE , 
	"NAME" VARCHAR2(100 BYTE) COLLATE "USING_NLS_COMP", 
	"EMAIL" VARCHAR2(255 BYTE) COLLATE "USING_NLS_COMP", 
	"PHONE_NUMBER" VARCHAR2(20 BYTE) COLLATE "USING_NLS_COMP", 
	"ADDRESS" VARCHAR2(500 BYTE) COLLATE "USING_NLS_COMP", 
	"DISEASE" VARCHAR2(255 BYTE) COLLATE "USING_NLS_COMP", 
	"DATE_OF_BIRTH" DATE, 
	"GENDER" VARCHAR2(10 BYTE) COLLATE "USING_NLS_COMP"
   )  DEFAULT COLLATION "USING_NLS_COMP" SEGMENT CREATION IMMEDIATE 
  PCTFREE 10 PCTUSED 40 INITRANS 10 MAXTRANS 255 
 NOCOMPRESS LOGGING
  STORAGE(INITIAL 65536 NEXT 1048576 MINEXTENTS 1 MAXEXTENTS 2147483645
  PCTINCREASE 0 FREELISTS 1 FREELIST GROUPS 1
  BUFFER_POOL DEFAULT FLASH_CACHE DEFAULT CELL_FLASH_CACHE DEFAULT)
  TABLESPACE "DATA" ;
--------------------------------------------------------
--  DDL for Table PATIENT_DOCTOR_APPOINTMENT
--------------------------------------------------------

  CREATE TABLE "ADMIN"."PATIENT_DOCTOR_APPOINTMENT" 
   (	"APPOINTMENT_ID" NUMBER GENERATED BY DEFAULT AS IDENTITY MINVALUE 1 MAXVALUE 9999999999999999999999999999 INCREMENT BY 1 START WITH 1 CACHE 20 NOORDER  NOCYCLE  NOKEEP  NOSCALE , 
	"PATIENT_ID" NUMBER, 
	"DOCTOR_ID" NUMBER, 
	"APPOINTMENT_DATE" TIMESTAMP (6), 
	"STATUS" VARCHAR2(20 BYTE) COLLATE "USING_NLS_COMP" DEFAULT 'Scheduled', 
	"NOTES" VARCHAR2(500 BYTE) COLLATE "USING_NLS_COMP", 
	"PAYMENT_METHOD" VARCHAR2(20 BYTE) COLLATE "USING_NLS_COMP" DEFAULT 'Cash', 
	"PAYMENT_STATUS" VARCHAR2(20 BYTE) COLLATE "USING_NLS_COMP" DEFAULT 'Pending'
   )  DEFAULT COLLATION "USING_NLS_COMP" SEGMENT CREATION IMMEDIATE 
  PCTFREE 10 PCTUSED 40 INITRANS 10 MAXTRANS 255 
 NOCOMPRESS LOGGING
  STORAGE(INITIAL 65536 NEXT 1048576 MINEXTENTS 1 MAXEXTENTS 2147483645
  PCTINCREASE 0 FREELISTS 1 FREELIST GROUPS 1
  BUFFER_POOL DEFAULT FLASH_CACHE DEFAULT CELL_FLASH_CACHE DEFAULT)
  TABLESPACE "DATA" ;
--------------------------------------------------------
--  DDL for Table PHARMACEUTICAL
--------------------------------------------------------

  CREATE TABLE "ADMIN"."PHARMACEUTICAL" 
   (	"PHARMACEUTICAL_ID" NUMBER GENERATED BY DEFAULT AS IDENTITY MINVALUE 1 MAXVALUE 9999999999999999999999999999 INCREMENT BY 1 START WITH 1 CACHE 20 NOORDER  NOCYCLE  NOKEEP  NOSCALE , 
	"NAME" VARCHAR2(100 BYTE) COLLATE "USING_NLS_COMP", 
	"EMAIL" VARCHAR2(255 BYTE) COLLATE "USING_NLS_COMP", 
	"ADDRESS" VARCHAR2(500 BYTE) COLLATE "USING_NLS_COMP", 
	"MOBILE_NUMBER" VARCHAR2(20 BYTE) COLLATE "USING_NLS_COMP", 
	"LICENSE_NUMBER" VARCHAR2(100 BYTE) COLLATE "USING_NLS_COMP"
   )  DEFAULT COLLATION "USING_NLS_COMP" SEGMENT CREATION DEFERRED 
  PCTFREE 10 PCTUSED 40 INITRANS 10 MAXTRANS 255 
 NOCOMPRESS LOGGING
  TABLESPACE "DATA" ;
--------------------------------------------------------
--  DDL for Table PRESCRIPTION
--------------------------------------------------------

  CREATE TABLE "ADMIN"."PRESCRIPTION" 
   (	"PRESCRIPTION_ID" NUMBER GENERATED BY DEFAULT AS IDENTITY MINVALUE 1 MAXVALUE 9999999999999999999999999999 INCREMENT BY 1 START WITH 1 CACHE 20 NOORDER  NOCYCLE  NOKEEP  NOSCALE , 
	"RECORD_ID" NUMBER, 
	"PATIENT_ID" NUMBER, 
	"DOCTOR_ID" NUMBER, 
	"PRESCRIBED_DATE" TIMESTAMP (6) DEFAULT CURRENT_TIMESTAMP, 
	"NOTES" VARCHAR2(500 BYTE) COLLATE "USING_NLS_COMP"
   )  DEFAULT COLLATION "USING_NLS_COMP" SEGMENT CREATION DEFERRED 
  PCTFREE 10 PCTUSED 40 INITRANS 10 MAXTRANS 255 
 NOCOMPRESS LOGGING
  TABLESPACE "DATA" ;
--------------------------------------------------------
--  DDL for Table PRESCRIPTION_ITEM
--------------------------------------------------------

  CREATE TABLE "ADMIN"."PRESCRIPTION_ITEM" 
   (	"ITEM_ID" NUMBER GENERATED BY DEFAULT AS IDENTITY MINVALUE 1 MAXVALUE 9999999999999999999999999999 INCREMENT BY 1 START WITH 1 CACHE 20 NOORDER  NOCYCLE  NOKEEP  NOSCALE , 
	"PRESCRIPTION_ID" NUMBER, 
	"DRUG_ID" NUMBER, 
	"DOSAGE" VARCHAR2(200 BYTE) COLLATE "USING_NLS_COMP", 
	"DURATION" VARCHAR2(100 BYTE) COLLATE "USING_NLS_COMP", 
	"INSTRUCTIONS" VARCHAR2(500 BYTE) COLLATE "USING_NLS_COMP"
   )  DEFAULT COLLATION "USING_NLS_COMP" SEGMENT CREATION IMMEDIATE 
  PCTFREE 10 PCTUSED 40 INITRANS 10 MAXTRANS 255 
 NOCOMPRESS LOGGING
  STORAGE(INITIAL 65536 NEXT 1048576 MINEXTENTS 1 MAXEXTENTS 2147483645
  PCTINCREASE 0 FREELISTS 1 FREELIST GROUPS 1
  BUFFER_POOL DEFAULT FLASH_CACHE DEFAULT CELL_FLASH_CACHE DEFAULT)
  TABLESPACE "DATA" ;
--------------------------------------------------------
--  DDL for Table USER_AUTH
--------------------------------------------------------

  CREATE TABLE "ADMIN"."USER_AUTH" 
   (	"USER_ID" NUMBER GENERATED ALWAYS AS IDENTITY MINVALUE 1 MAXVALUE 9999999999999999999999999999 INCREMENT BY 1 START WITH 1 CACHE 20 NOORDER  NOCYCLE  NOKEEP  NOSCALE , 
	"STAFF_ID" VARCHAR2(4 BYTE) COLLATE "USING_NLS_COMP", 
	"FULL_NAME" VARCHAR2(100 BYTE) COLLATE "USING_NLS_COMP", 
	"EMAIL" VARCHAR2(150 BYTE) COLLATE "USING_NLS_COMP", 
	"PASSWORD_HASH" VARCHAR2(255 BYTE) COLLATE "USING_NLS_COMP", 
	"ROLE" VARCHAR2(20 BYTE) COLLATE "USING_NLS_COMP", 
	"IS_ACTIVE" NUMBER(1,0) DEFAULT 1, 
	"CREATED_AT" TIMESTAMP (6) DEFAULT CURRENT_TIMESTAMP, 
	"UPDATED_AT" TIMESTAMP (6) DEFAULT CURRENT_TIMESTAMP
   )  DEFAULT COLLATION "USING_NLS_COMP" SEGMENT CREATION IMMEDIATE 
  PCTFREE 10 PCTUSED 40 INITRANS 10 MAXTRANS 255 
 NOCOMPRESS LOGGING
  STORAGE(INITIAL 65536 NEXT 1048576 MINEXTENTS 1 MAXEXTENTS 2147483645
  PCTINCREASE 0 FREELISTS 1 FREELIST GROUPS 1
  BUFFER_POOL DEFAULT FLASH_CACHE DEFAULT CELL_FLASH_CACHE DEFAULT)
  TABLESPACE "DATA" ;
REM INSERTING into ADMIN.ADMIN
SET DEFINE OFF;
REM INSERTING into ADMIN.DOCTOR
SET DEFINE OFF;
Insert into ADMIN.DOCTOR (DOCTOR_ID,NAME,EMAIL,LICENSE_NUMBER,ADDRESS,MOBILE_NUMBER,SPECIALIST_AREA) values (42,'nimal','admin123@gmail.com','848','colombo','0706040840','cardiology');
Insert into ADMIN.DOCTOR (DOCTOR_ID,NAME,EMAIL,LICENSE_NUMBER,ADDRESS,MOBILE_NUMBER,SPECIALIST_AREA) values (44,'amal','amal@gmail.com','5495998','kandy','0706525049','sick');
Insert into ADMIN.DOCTOR (DOCTOR_ID,NAME,EMAIL,LICENSE_NUMBER,ADDRESS,MOBILE_NUMBER,SPECIALIST_AREA) values (53,'nipun','doctor@gmail.com','345v','28/53/2','0785185999','cat');
REM INSERTING into ADMIN.DOCTOR_NURSE_ALLOCATION
SET DEFINE OFF;
Insert into ADMIN.DOCTOR_NURSE_ALLOCATION (ALLOCATION_ID,DOCTOR_ID,NURSE_ID,ALLOCATION_DATE,SHIFT_DETAILS) values (1,42,101,to_date('15-JUN-26','DD-MON-RR'),'General Allocation');
Insert into ADMIN.DOCTOR_NURSE_ALLOCATION (ALLOCATION_ID,DOCTOR_ID,NURSE_ID,ALLOCATION_DATE,SHIFT_DETAILS) values (2,44,103,to_date('15-JUN-26','DD-MON-RR'),null);
Insert into ADMIN.DOCTOR_NURSE_ALLOCATION (ALLOCATION_ID,DOCTOR_ID,NURSE_ID,ALLOCATION_DATE,SHIFT_DETAILS) values (5,44,101,to_date('16-JUN-26','DD-MON-RR'),'Morning Shift');
Insert into ADMIN.DOCTOR_NURSE_ALLOCATION (ALLOCATION_ID,DOCTOR_ID,NURSE_ID,ALLOCATION_DATE,SHIFT_DETAILS) values (3,53,103,to_date('15-JUN-26','DD-MON-RR'),null);
Insert into ADMIN.DOCTOR_NURSE_ALLOCATION (ALLOCATION_ID,DOCTOR_ID,NURSE_ID,ALLOCATION_DATE,SHIFT_DETAILS) values (4,42,31,to_date('15-JUN-26','DD-MON-RR'),'Morning Shift');
REM INSERTING into ADMIN.DOCTOR_PATIENT
SET DEFINE OFF;
Insert into ADMIN.DOCTOR_PATIENT (DOCTOR_ID,PATIENT_ID) values (44,1);
Insert into ADMIN.DOCTOR_PATIENT (DOCTOR_ID,PATIENT_ID) values (44,2);
Insert into ADMIN.DOCTOR_PATIENT (DOCTOR_ID,PATIENT_ID) values (53,4);
REM INSERTING into ADMIN.DRUG_STOCK
SET DEFINE OFF;
Insert into ADMIN.DRUG_STOCK (DRUG_ID,DRUG_CODE,DRUG_NAME,QUANTITY,MANUFACTURE_DATE,EXPIRE_DATE) values (1781539898,'D100','penadol',50,null,null);
Insert into ADMIN.DRUG_STOCK (DRUG_ID,DRUG_CODE,DRUG_NAME,QUANTITY,MANUFACTURE_DATE,EXPIRE_DATE) values (1781539712,'D88','panadol',50,null,null);
Insert into ADMIN.DRUG_STOCK (DRUG_ID,DRUG_CODE,DRUG_NAME,QUANTITY,MANUFACTURE_DATE,EXPIRE_DATE) values (1781541632,'D23','TYC',8,null,null);
Insert into ADMIN.DRUG_STOCK (DRUG_ID,DRUG_CODE,DRUG_NAME,QUANTITY,MANUFACTURE_DATE,EXPIRE_DATE) values (1781539713,'12','pendds',100,null,null);
Insert into ADMIN.DRUG_STOCK (DRUG_ID,DRUG_CODE,DRUG_NAME,QUANTITY,MANUFACTURE_DATE,EXPIRE_DATE) values (1781542831,'D26','JB',6,null,null);
REM INSERTING into ADMIN.LAB_REPORT
SET DEFINE OFF;
REM INSERTING into ADMIN.MEDICAL_RECORD
SET DEFINE OFF;
Insert into ADMIN.MEDICAL_RECORD (RECORD_ID,APPOINTMENT_ID,PATIENT_ID,DOCTOR_ID,DIAGNOSIS,TREATMENT_NOTES,RECORD_DATE) values (1,8,4,53,'sdf','g4',to_timestamp('15-JUN-26 09.13.50.079760000 PM','DD-MON-RR HH.MI.SSXFF AM'));
REM INSERTING into ADMIN.NURSE
SET DEFINE OFF;
Insert into ADMIN.NURSE (NURSE_ID,NAME,EMAIL,ADDRESS,PHONE_NUMBER,LICENSE_NUMBER,ALLOCATED_WARD) values (49,'johmmms','johnnns@gmail.com','colombo','0706040840','848','ict');
Insert into ADMIN.NURSE (NURSE_ID,NAME,EMAIL,ADDRESS,PHONE_NUMBER,LICENSE_NUMBER,ALLOCATED_WARD) values (55,'nurse','nurse2@gmail.com','112','0712334568','4455','A');
Insert into ADMIN.NURSE (NURSE_ID,NAME,EMAIL,ADDRESS,PHONE_NUMBER,LICENSE_NUMBER,ALLOCATED_WARD) values (31,'Lakshan (Test)','lakshan@gmail.com','Colombo','0771234567','N-1234','Ward A');
Insert into ADMIN.NURSE (NURSE_ID,NAME,EMAIL,ADDRESS,PHONE_NUMBER,LICENSE_NUMBER,ALLOCATED_WARD) values (101,'nurse','nurse@gmail.com','123 Maple St','555-0101','LN-9988','Ward A');
Insert into ADMIN.NURSE (NURSE_ID,NAME,EMAIL,ADDRESS,PHONE_NUMBER,LICENSE_NUMBER,ALLOCATED_WARD) values (102,'Bob Johnson','bob.j@hospital.com','456 Oak Ave','555-0102','LN-7766','Ward B');
Insert into ADMIN.NURSE (NURSE_ID,NAME,EMAIL,ADDRESS,PHONE_NUMBER,LICENSE_NUMBER,ALLOCATED_WARD) values (103,'Charlie Davis','charlie.d@hospital.com','789 Pine Rd','555-0103','LN-5544','Ward A');
REM INSERTING into ADMIN.PATIENTS
SET DEFINE OFF;
Insert into ADMIN.PATIENTS (PATIENT_ID,NAME,EMAIL,PHONE_NUMBER,ADDRESS,DISEASE,DATE_OF_BIRTH,GENDER) values (1,'nimal','nimal@gmail.com','07065982','galle,colombo','sick',to_date('25-APR-02','DD-MON-RR'),'Male');
Insert into ADMIN.PATIENTS (PATIENT_ID,NAME,EMAIL,PHONE_NUMBER,ADDRESS,DISEASE,DATE_OF_BIRTH,GENDER) values (2,'patinhhh','pateint@gmail.com','798565163262626','1234/4','fever',to_date('16-JAN-15','DD-MON-RR'),'Male');
Insert into ADMIN.PATIENTS (PATIENT_ID,NAME,EMAIL,PHONE_NUMBER,ADDRESS,DISEASE,DATE_OF_BIRTH,GENDER) values (4,'test','test@gmail.com','07898797589','123',null,to_date('17-JUN-26','DD-MON-RR'),'Male');
Insert into ADMIN.PATIENTS (PATIENT_ID,NAME,EMAIL,PHONE_NUMBER,ADDRESS,DISEASE,DATE_OF_BIRTH,GENDER) values (3,'user','user@gmail.com','798565168','1234/4',null,to_date('01-JUN-26','DD-MON-RR'),'Male');
REM INSERTING into ADMIN.PATIENT_DOCTOR_APPOINTMENT
SET DEFINE OFF;
Insert into ADMIN.PATIENT_DOCTOR_APPOINTMENT (APPOINTMENT_ID,PATIENT_ID,DOCTOR_ID,APPOINTMENT_DATE,STATUS,NOTES,PAYMENT_METHOD,PAYMENT_STATUS) values (9,2,44,to_timestamp('17-JUN-26 09.34.00.000000000 PM','DD-MON-RR HH.MI.SSXFF AM'),'Scheduled','awwsd','Cash','Pending');
Insert into ADMIN.PATIENT_DOCTOR_APPOINTMENT (APPOINTMENT_ID,PATIENT_ID,DOCTOR_ID,APPOINTMENT_DATE,STATUS,NOTES,PAYMENT_METHOD,PAYMENT_STATUS) values (8,4,53,to_timestamp('15-JUN-26 07.56.00.000000000 PM','DD-MON-RR HH.MI.SSXFF AM'),'Completed',null,'Cash','Pending');
Insert into ADMIN.PATIENT_DOCTOR_APPOINTMENT (APPOINTMENT_ID,PATIENT_ID,DOCTOR_ID,APPOINTMENT_DATE,STATUS,NOTES,PAYMENT_METHOD,PAYMENT_STATUS) values (6,1,44,to_timestamp('18-JUN-26 04.28.00.000000000 PM','DD-MON-RR HH.MI.SSXFF AM'),'Scheduled',null,'Cash','Pending');
Insert into ADMIN.PATIENT_DOCTOR_APPOINTMENT (APPOINTMENT_ID,PATIENT_ID,DOCTOR_ID,APPOINTMENT_DATE,STATUS,NOTES,PAYMENT_METHOD,PAYMENT_STATUS) values (7,2,44,to_timestamp('17-JUN-26 04.36.00.000000000 PM','DD-MON-RR HH.MI.SSXFF AM'),'Scheduled','sdvsdxv','Cash','Pending');
REM INSERTING into ADMIN.PHARMACEUTICAL
SET DEFINE OFF;
REM INSERTING into ADMIN.PRESCRIPTION
SET DEFINE OFF;
REM INSERTING into ADMIN.PRESCRIPTION_ITEM
SET DEFINE OFF;
REM INSERTING into ADMIN.USER_AUTH
SET DEFINE OFF;
Insert into ADMIN.USER_AUTH (USER_ID,STAFF_ID,FULL_NAME,EMAIL,PASSWORD_HASH,ROLE,IS_ACTIVE,CREATED_AT,UPDATED_AT) values (39,'5','kamal','kamal1234@gmail.com','$2b$10$cIe/xod2daAmeBX48W2T..VhoGeuuq0Ezk8YgKlFXz1hW/UiAzuSu','doctor',1,to_timestamp('15-JUN-26 01.25.57.458281000 PM','DD-MON-RR HH.MI.SSXFF AM'),to_timestamp('15-JUN-26 01.25.57.458281000 PM','DD-MON-RR HH.MI.SSXFF AM'));
Insert into ADMIN.USER_AUTH (USER_ID,STAFF_ID,FULL_NAME,EMAIL,PASSWORD_HASH,ROLE,IS_ACTIVE,CREATED_AT,UPDATED_AT) values (53,'23','nipun','doctor@gmail.com','$2b$10$XXdDleTjTUoT6C0RSGARse2pgGJ2skc.MsMLwdstYZE4UL53jUuOC','doctor',1,to_timestamp('15-JUN-26 07.44.50.698889000 PM','DD-MON-RR HH.MI.SSXFF AM'),to_timestamp('15-JUN-26 07.44.50.698889000 PM','DD-MON-RR HH.MI.SSXFF AM'));
Insert into ADMIN.USER_AUTH (USER_ID,STAFF_ID,FULL_NAME,EMAIL,PASSWORD_HASH,ROLE,IS_ACTIVE,CREATED_AT,UPDATED_AT) values (23,'2000','Nipun Lakshan','nipunlakshanwa@gmail.com','$2b$10$5rEMSioYn3XHvwm5pCXj3OOs/CW91y4yzgtwCSnx1ac1wkXV8PqNK','doctor',1,to_timestamp('14-JUN-26 09.22.37.005542000 PM','DD-MON-RR HH.MI.SSXFF AM'),to_timestamp('14-JUN-26 09.22.37.005542000 PM','DD-MON-RR HH.MI.SSXFF AM'));
Insert into ADMIN.USER_AUTH (USER_ID,STAFF_ID,FULL_NAME,EMAIL,PASSWORD_HASH,ROLE,IS_ACTIVE,CREATED_AT,UPDATED_AT) values (50,'0016','Mr.Naveen','Naveen123@gmail.com','$2b$10$NN77otiZp19lNX44hdAMneEdDjPJkxQ9VRz7PVb3vMvVrI.TQGcq2','pharmacist',1,to_timestamp('15-JUN-26 04.48.56.129375000 PM','DD-MON-RR HH.MI.SSXFF AM'),to_timestamp('15-JUN-26 04.48.56.129375000 PM','DD-MON-RR HH.MI.SSXFF AM'));
Insert into ADMIN.USER_AUTH (USER_ID,STAFF_ID,FULL_NAME,EMAIL,PASSWORD_HASH,ROLE,IS_ACTIVE,CREATED_AT,UPDATED_AT) values (51,'1234','a','Receptionist@gmail.com','$2b$10$X/CQA6RplyHMV/7k.z72rODKdD3qm8/l.KpgTqWQ4r0LOS5Jwtybi','reception',1,to_timestamp('15-JUN-26 06.34.25.379099000 PM','DD-MON-RR HH.MI.SSXFF AM'),to_timestamp('15-JUN-26 06.34.25.379099000 PM','DD-MON-RR HH.MI.SSXFF AM'));
Insert into ADMIN.USER_AUTH (USER_ID,STAFF_ID,FULL_NAME,EMAIL,PASSWORD_HASH,ROLE,IS_ACTIVE,CREATED_AT,UPDATED_AT) values (54,'0018','recep01','rec@gmail.com','$2b$10$uwgsjNdfkg/7GS/rqWMfwOfXxyPvyyeNV2TMd7dEsNpVeVg/xXCKS','reception',1,to_timestamp('15-JUN-26 09.31.43.149248000 PM','DD-MON-RR HH.MI.SSXFF AM'),to_timestamp('15-JUN-26 09.31.43.149248000 PM','DD-MON-RR HH.MI.SSXFF AM'));
Insert into ADMIN.USER_AUTH (USER_ID,STAFF_ID,FULL_NAME,EMAIL,PASSWORD_HASH,ROLE,IS_ACTIVE,CREATED_AT,UPDATED_AT) values (40,'1','admin','admin@gmail.com','$2b$10$mLBzqG2pOG70haM.o4NvweJ.ia0PGibEbo9QDRAz4eHYx.Ilr8cy2','admin',1,to_timestamp('15-JUN-26 02.33.14.018449000 PM','DD-MON-RR HH.MI.SSXFF AM'),to_timestamp('15-JUN-26 02.33.14.018449000 PM','DD-MON-RR HH.MI.SSXFF AM'));
Insert into ADMIN.USER_AUTH (USER_ID,STAFF_ID,FULL_NAME,EMAIL,PASSWORD_HASH,ROLE,IS_ACTIVE,CREATED_AT,UPDATED_AT) values (2,'0001','System Admin','pasindupamudith@gmail.com','$2b$10$VVSaF0v58wInzNK5RvkvbemIjZl3VtYzWJj5PM5n5qhQUdPFyTFtq','admin',1,to_timestamp('14-JUN-26 12.21.47.025578000 AM','DD-MON-RR HH.MI.SSXFF AM'),to_timestamp('14-JUN-26 12.21.47.025578000 AM','DD-MON-RR HH.MI.SSXFF AM'));
Insert into ADMIN.USER_AUTH (USER_ID,STAFF_ID,FULL_NAME,EMAIL,PASSWORD_HASH,ROLE,IS_ACTIVE,CREATED_AT,UPDATED_AT) values (43,'005','nuwani','nurse1@gmail.com','$2b$10$OCwfH.6iuk148nJplawDwODSPmGAXN8Q2VRJGiA18SCnIX1cGjSKu','nurse',1,to_timestamp('15-JUN-26 02.45.15.044962000 PM','DD-MON-RR HH.MI.SSXFF AM'),to_timestamp('15-JUN-26 02.45.15.044962000 PM','DD-MON-RR HH.MI.SSXFF AM'));
Insert into ADMIN.USER_AUTH (USER_ID,STAFF_ID,FULL_NAME,EMAIL,PASSWORD_HASH,ROLE,IS_ACTIVE,CREATED_AT,UPDATED_AT) values (44,'007','amal','amal@gmail.com','$2b$10$ctRPUShUbQKiYCob3fZEd.Om.cG2p9QvyL.ZtDltN9R/B4FUy/CzK','doctor',1,to_timestamp('15-JUN-26 03.01.11.911547000 PM','DD-MON-RR HH.MI.SSXFF AM'),to_timestamp('15-JUN-26 03.01.11.911547000 PM','DD-MON-RR HH.MI.SSXFF AM'));
Insert into ADMIN.USER_AUTH (USER_ID,STAFF_ID,FULL_NAME,EMAIL,PASSWORD_HASH,ROLE,IS_ACTIVE,CREATED_AT,UPDATED_AT) values (42,'003','nimal','admin123@gmail.com','$2b$10$LtYAooe/GVV2kCOWmcitMu..B1rBd27vTDb02orC6rkFlZm8xxcby','doctor',1,to_timestamp('15-JUN-26 02.43.46.066134000 PM','DD-MON-RR HH.MI.SSXFF AM'),to_timestamp('15-JUN-26 02.43.46.066134000 PM','DD-MON-RR HH.MI.SSXFF AM'));
Insert into ADMIN.USER_AUTH (USER_ID,STAFF_ID,FULL_NAME,EMAIL,PASSWORD_HASH,ROLE,IS_ACTIVE,CREATED_AT,UPDATED_AT) values (24,'01','lakshan','nipun@gmail.com','$2b$10$c8jrtbctj5hYQWj3gWByqe9DWlMkGPve/RGD2ZWX8UIgdvPOeEirK','doctor',1,to_timestamp('14-JUN-26 10.26.52.908017000 PM','DD-MON-RR HH.MI.SSXFF AM'),to_timestamp('14-JUN-26 10.26.52.908017000 PM','DD-MON-RR HH.MI.SSXFF AM'));
Insert into ADMIN.USER_AUTH (USER_ID,STAFF_ID,FULL_NAME,EMAIL,PASSWORD_HASH,ROLE,IS_ACTIVE,CREATED_AT,UPDATED_AT) values (26,'011','hhuhui','lakshanwa@gmail.com','$2b$10$rpsxuitPd6OpXPCR7Sh3QuDCCJ9xkCly/bAAHH2uKWXfpvia68yhm','nurse',1,to_timestamp('14-JUN-26 10.28.18.354071000 PM','DD-MON-RR HH.MI.SSXFF AM'),to_timestamp('14-JUN-26 10.28.18.354071000 PM','DD-MON-RR HH.MI.SSXFF AM'));
Insert into ADMIN.USER_AUTH (USER_ID,STAFF_ID,FULL_NAME,EMAIL,PASSWORD_HASH,ROLE,IS_ACTIVE,CREATED_AT,UPDATED_AT) values (31,'2','lakshan','lakshan@gmail.com','$2b$10$67juaWIwtd1qIkIHHTI8hOX.9DK4Pzvdh.hswq6w9H35Pb.nHzB.C','nurse',1,to_timestamp('14-JUN-26 10.33.12.612963000 PM','DD-MON-RR HH.MI.SSXFF AM'),to_timestamp('14-JUN-26 10.33.12.612963000 PM','DD-MON-RR HH.MI.SSXFF AM'));
Insert into ADMIN.USER_AUTH (USER_ID,STAFF_ID,FULL_NAME,EMAIL,PASSWORD_HASH,ROLE,IS_ACTIVE,CREATED_AT,UPDATED_AT) values (33,'3','nipun','nipunarambage@gmail.com','$2b$10$1w/ML8MVAzxUkL6zR3t1KemniG7HSKGX/el.J1bJ3TX8ZO3kfD07O','reception',1,to_timestamp('14-JUN-26 10.39.58.972315000 PM','DD-MON-RR HH.MI.SSXFF AM'),to_timestamp('14-JUN-26 10.39.58.972315000 PM','DD-MON-RR HH.MI.SSXFF AM'));
Insert into ADMIN.USER_AUTH (USER_ID,STAFF_ID,FULL_NAME,EMAIL,PASSWORD_HASH,ROLE,IS_ACTIVE,CREATED_AT,UPDATED_AT) values (34,'69','gotabaya','gotabaya@gmail.com','$2b$10$Bh5hZtKWg.H1drxH85Baa.X1WGe6bxquXM8yUvfz7PTuBXKzgzIRq','reception',1,to_timestamp('14-JUN-26 10.40.50.293983000 PM','DD-MON-RR HH.MI.SSXFF AM'),to_timestamp('14-JUN-26 10.40.50.293983000 PM','DD-MON-RR HH.MI.SSXFF AM'));
Insert into ADMIN.USER_AUTH (USER_ID,STAFF_ID,FULL_NAME,EMAIL,PASSWORD_HASH,ROLE,IS_ACTIVE,CREATED_AT,UPDATED_AT) values (35,'4','kamak','kamal123@gmail.com','$2b$10$DM29wNkdP9wglgiMfBL2WO8f9g5eCoRMBtrLMsdaj.mGHApDDOO0W','reception',1,to_timestamp('15-JUN-26 08.07.33.585425000 AM','DD-MON-RR HH.MI.SSXFF AM'),to_timestamp('15-JUN-26 08.07.33.585425000 AM','DD-MON-RR HH.MI.SSXFF AM'));
Insert into ADMIN.USER_AUTH (USER_ID,STAFF_ID,FULL_NAME,EMAIL,PASSWORD_HASH,ROLE,IS_ACTIVE,CREATED_AT,UPDATED_AT) values (45,'70','johnns','johns@gmail.com','$2b$10$1CqwLef9zSoAAwm1ECwMOuhfNR8eVL9kMpYJWozZHtYT7t8HdBSB.','nurse',1,to_timestamp('15-JUN-26 03.48.44.695573000 PM','DD-MON-RR HH.MI.SSXFF AM'),to_timestamp('15-JUN-26 03.48.44.695573000 PM','DD-MON-RR HH.MI.SSXFF AM'));
Insert into ADMIN.USER_AUTH (USER_ID,STAFF_ID,FULL_NAME,EMAIL,PASSWORD_HASH,ROLE,IS_ACTIVE,CREATED_AT,UPDATED_AT) values (46,'52','kkolpl','123@gmail.com','$2b$10$TwuVKzoRAzxSkjpBNi5SzuC0s0zE.LJ7KCSP.VlCcnIInRxSJYpUu','nurse',1,to_timestamp('15-JUN-26 03.53.04.147856000 PM','DD-MON-RR HH.MI.SSXFF AM'),to_timestamp('15-JUN-26 03.53.04.147856000 PM','DD-MON-RR HH.MI.SSXFF AM'));
Insert into ADMIN.USER_AUTH (USER_ID,STAFF_ID,FULL_NAME,EMAIL,PASSWORD_HASH,ROLE,IS_ACTIVE,CREATED_AT,UPDATED_AT) values (52,'123','nam','rep@gmail.com','$2b$10$bkPGKla6ptJLbgfQ7CB.UOYFH1/Dre4VPmDq0XDpb5OOkCXm3BMpy','reception',1,to_timestamp('15-JUN-26 07.40.46.083890000 PM','DD-MON-RR HH.MI.SSXFF AM'),to_timestamp('15-JUN-26 07.40.46.083890000 PM','DD-MON-RR HH.MI.SSXFF AM'));
Insert into ADMIN.USER_AUTH (USER_ID,STAFF_ID,FULL_NAME,EMAIL,PASSWORD_HASH,ROLE,IS_ACTIVE,CREATED_AT,UPDATED_AT) values (49,'45','johmmms','johnnns@gmail.com','$2b$10$hrfEBVUAVSwbfRfFaqZZOOdXK.ym2tcYgcVPejo5tf8smxLTjcNCG','nurse',1,to_timestamp('15-JUN-26 04.30.02.192571000 PM','DD-MON-RR HH.MI.SSXFF AM'),to_timestamp('15-JUN-26 04.30.02.192571000 PM','DD-MON-RR HH.MI.SSXFF AM'));
Insert into ADMIN.USER_AUTH (USER_ID,STAFF_ID,FULL_NAME,EMAIL,PASSWORD_HASH,ROLE,IS_ACTIVE,CREATED_AT,UPDATED_AT) values (55,'7860','nurse','nurse2@gmail.com','$2b$10$lddEXClEHTUsBqrQirZzHe48ow0TSEAxqkHOcgD5kKFHi9alPE7w.','nurse',1,to_timestamp('15-JUN-26 10.49.16.552671000 PM','DD-MON-RR HH.MI.SSXFF AM'),to_timestamp('15-JUN-26 10.49.16.552671000 PM','DD-MON-RR HH.MI.SSXFF AM'));
--------------------------------------------------------
--  DDL for Index PK_DOCTOR_PATIENT
--------------------------------------------------------

  CREATE UNIQUE INDEX "ADMIN"."PK_DOCTOR_PATIENT" ON "ADMIN"."DOCTOR_PATIENT" ("DOCTOR_ID", "PATIENT_ID") 
  PCTFREE 10 INITRANS 20 MAXTRANS 255 COMPUTE STATISTICS 
  STORAGE(INITIAL 65536 NEXT 1048576 MINEXTENTS 1 MAXEXTENTS 2147483645
  PCTINCREASE 0 FREELISTS 1 FREELIST GROUPS 1
  BUFFER_POOL DEFAULT FLASH_CACHE DEFAULT CELL_FLASH_CACHE DEFAULT)
  TABLESPACE "DATA" ;
--------------------------------------------------------
--  DDL for Trigger TRG_DRUG_STOCK_DECREMENT
--------------------------------------------------------

  CREATE OR REPLACE EDITIONABLE TRIGGER "ADMIN"."TRG_DRUG_STOCK_DECREMENT" 
AFTER INSERT ON "ADMIN"."PRESCRIPTION_ITEM"
FOR EACH ROW
BEGIN
    UPDATE DRUG_STOCK
    SET QUANTITY = QUANTITY - 1
    WHERE DRUG_ID = :NEW.DRUG_ID
      AND QUANTITY > 0;

    IF SQL%ROWCOUNT = 0 THEN
        RAISE_APPLICATION_ERROR(
            -20001,
            'Drug out of stock: DRUG_ID = ' || :NEW.DRUG_ID
        );
    END IF;
END;


/
ALTER TRIGGER "ADMIN"."TRG_DRUG_STOCK_DECREMENT" ENABLE;
--------------------------------------------------------
--  DDL for Procedure SAVE_PATIENT
--------------------------------------------------------
set define off;

  CREATE OR REPLACE EDITIONABLE PROCEDURE "ADMIN"."SAVE_PATIENT" (
        p_patient_id     OUT NUMBER,
        p_name           IN VARCHAR2,
        p_email          IN VARCHAR2,
        p_phone_number   IN VARCHAR2,
        p_address        IN VARCHAR2,
        p_disease        IN VARCHAR2,
        p_dob            IN DATE,
        p_gender         IN VARCHAR2,
        p_doctor_id      IN NUMBER
      ) AS
        v_new_id NUMBER;
      BEGIN
        INSERT INTO patients (name, email, phone_number, address, disease, date_of_birth, gender)
        VALUES (p_name, p_email, p_phone_number, p_address, p_disease, p_dob, p_gender)
        RETURNING patient_id INTO v_new_id;

        IF p_doctor_id IS NOT NULL AND p_doctor_id > 0 THEN
          INSERT INTO doctor_patient (doctor_id, patient_id)
          VALUES (p_doctor_id, v_new_id);
        END IF;

        p_patient_id := v_new_id;
      END;



/
--------------------------------------------------------
--  DDL for Package PKG_ADMIN_OPS
--------------------------------------------------------

  CREATE OR REPLACE EDITIONABLE PACKAGE "ADMIN"."PKG_ADMIN_OPS" AS
    PROCEDURE REGISTER_DOCTOR(
        p_staff_id       IN  VARCHAR2,
        p_full_name      IN  VARCHAR2,
        p_email          IN  VARCHAR2,
        p_password_hash  IN  VARCHAR2,
        p_license_number IN  VARCHAR2,
        p_address        IN  VARCHAR2,
        p_mobile_number  IN  VARCHAR2,
        p_specialist_area IN VARCHAR2,
        p_nurse_ids_csv  IN  VARCHAR2, -- Comma separated list of nurse IDs
        p_user_id        OUT NUMBER
    );
END PKG_ADMIN_OPS;

/
--------------------------------------------------------
--  DDL for Package PKG_DOCTOR_OPS
--------------------------------------------------------

  CREATE OR REPLACE EDITIONABLE PACKAGE "ADMIN"."PKG_DOCTOR_OPS" AS

    /**
     * SAVE_TREATMENT
     * Inserts a new medical record for a completed examination
     * and marks the appointment status as 'Completed'.
     */
    PROCEDURE SAVE_TREATMENT(
        p_appointment_id  IN  NUMBER,
        p_patient_id      IN  NUMBER,
        p_doctor_id       IN  NUMBER,
        p_diagnosis       IN  VARCHAR2,
        p_clinical_advice IN  CLOB,
        p_treatment_notes IN  VARCHAR2,
        p_record_id       OUT NUMBER
    );

    /**
     * GET_PATIENT_HISTORY
     * Returns a REF CURSOR of all past medical records
     * for the given patient, ordered by most recent first.
     */
    FUNCTION GET_PATIENT_HISTORY(p_patient_id IN NUMBER)
        RETURN SYS_REFCURSOR;

END PKG_DOCTOR_OPS;


/
--------------------------------------------------------
--  DDL for Package Body PKG_ADMIN_OPS
--------------------------------------------------------

  CREATE OR REPLACE EDITIONABLE PACKAGE BODY "ADMIN"."PKG_ADMIN_OPS" AS
    PROCEDURE REGISTER_DOCTOR(
        p_staff_id       IN  VARCHAR2,
        p_full_name      IN  VARCHAR2,
        p_email          IN  VARCHAR2,
        p_password_hash  IN  VARCHAR2,
        p_license_number IN  VARCHAR2,
        p_address        IN  VARCHAR2,
        p_mobile_number  IN  VARCHAR2,
        p_specialist_area IN VARCHAR2,
        p_nurse_ids_csv  IN  VARCHAR2,
        p_user_id        OUT NUMBER
    ) IS
        v_user_id NUMBER;
        v_nurse_id NUMBER;
        v_idx NUMBER := 1;
        v_comma_pos NUMBER;
        v_curr_pos NUMBER := 1;
        v_str_len NUMBER;
    BEGIN
        -- 1. Insert into USER_AUTH
        INSERT INTO USER_AUTH (STAFF_ID, FULL_NAME, EMAIL, PASSWORD_HASH, ROLE, IS_ACTIVE)
        VALUES (p_staff_id, p_full_name, p_email, p_password_hash, 'doctor', 1)
        RETURNING USER_ID INTO v_user_id;

        p_user_id := v_user_id;

        -- 2. Insert into DOCTOR
        INSERT INTO DOCTOR (DOCTOR_ID, NAME, EMAIL, LICENSE_NUMBER, ADDRESS, MOBILE_NUMBER, SPECIALIST_AREA)
        VALUES (v_user_id, p_full_name, p_email, p_license_number, p_address, p_mobile_number, p_specialist_area);

        -- 3. Parse CSV and Insert into DOCTOR_NURSE_ALLOCATION
        IF p_nurse_ids_csv IS NOT NULL AND LENGTH(p_nurse_ids_csv) > 0 THEN
            v_str_len := LENGTH(p_nurse_ids_csv);
            LOOP
                v_comma_pos := INSTR(p_nurse_ids_csv, ',', v_curr_pos);
                IF v_comma_pos = 0 THEN
                    v_nurse_id := TO_NUMBER(TRIM(SUBSTR(p_nurse_ids_csv, v_curr_pos)));
                    IF v_nurse_id IS NOT NULL THEN
                        INSERT INTO DOCTOR_NURSE_ALLOCATION (DOCTOR_ID, NURSE_ID, SHIFT_DETAILS)
                        VALUES (v_user_id, v_nurse_id, NULL);
                    END IF;
                    EXIT;
                ELSE
                    v_nurse_id := TO_NUMBER(TRIM(SUBSTR(p_nurse_ids_csv, v_curr_pos, v_comma_pos - v_curr_pos)));
                    IF v_nurse_id IS NOT NULL THEN
                        INSERT INTO DOCTOR_NURSE_ALLOCATION (DOCTOR_ID, NURSE_ID, SHIFT_DETAILS)
                        VALUES (v_user_id, v_nurse_id, NULL);
                    END IF;
                    v_curr_pos := v_comma_pos + 1;
                END IF;
            END LOOP;
        END IF;

        COMMIT;

    EXCEPTION
        WHEN OTHERS THEN
            ROLLBACK;
            RAISE;
    END REGISTER_DOCTOR;
END PKG_ADMIN_OPS;

/
--------------------------------------------------------
--  DDL for Package Body PKG_DOCTOR_OPS
--------------------------------------------------------

  CREATE OR REPLACE EDITIONABLE PACKAGE BODY "ADMIN"."PKG_DOCTOR_OPS" AS

    PROCEDURE SAVE_TREATMENT(
        p_appointment_id  IN  NUMBER,
        p_patient_id      IN  NUMBER,
        p_doctor_id       IN  NUMBER,
        p_diagnosis       IN  VARCHAR2,
        p_clinical_advice IN  CLOB,
        p_treatment_notes IN  VARCHAR2,
        p_record_id       OUT NUMBER
    ) IS
    BEGIN
        -- Insert a new medical record
        INSERT INTO MEDICAL_RECORD (
            APPOINTMENT_ID, PATIENT_ID, DOCTOR_ID,
            DIAGNOSIS, CLINICAL_ADVICE, TREATMENT_NOTES
        ) VALUES (
            p_appointment_id, p_patient_id, p_doctor_id,
            p_diagnosis, p_clinical_advice, p_treatment_notes
        ) RETURNING RECORD_ID INTO p_record_id;

        -- Mark the appointment as completed
        UPDATE PATIENT_DOCTOR_APPOINTMENT
        SET STATUS = 'Completed'
        WHERE APPOINTMENT_ID = p_appointment_id;

        COMMIT;

    EXCEPTION
        WHEN OTHERS THEN
            ROLLBACK;
            RAISE;
    END SAVE_TREATMENT;

    FUNCTION GET_PATIENT_HISTORY(p_patient_id IN NUMBER)
        RETURN SYS_REFCURSOR
    IS
        v_cursor SYS_REFCURSOR;
    BEGIN
        OPEN v_cursor FOR
            SELECT
                mr.RECORD_ID,
                mr.APPOINTMENT_ID,
                mr.DIAGNOSIS,
                mr.CLINICAL_ADVICE,
                mr.TREATMENT_NOTES,
                mr.RECORD_DATE,
                d.NAME       AS DOCTOR_NAME,
                d.SPECIALIST_AREA
            FROM MEDICAL_RECORD mr
            JOIN DOCTOR d ON mr.DOCTOR_ID = d.DOCTOR_ID
            WHERE mr.PATIENT_ID = p_patient_id
            ORDER BY mr.RECORD_DATE DESC;

        RETURN v_cursor;
    END GET_PATIENT_HISTORY;

END PKG_DOCTOR_OPS;


/
--------------------------------------------------------
--  Constraints for Table LAB_REPORT
--------------------------------------------------------

  ALTER TABLE "ADMIN"."LAB_REPORT" MODIFY ("REPORT_ID" NOT NULL ENABLE);
  ALTER TABLE "ADMIN"."LAB_REPORT" MODIFY ("PATIENT_ID" NOT NULL ENABLE);
  ALTER TABLE "ADMIN"."LAB_REPORT" MODIFY ("TEST_NAME" NOT NULL ENABLE);
  ALTER TABLE "ADMIN"."LAB_REPORT" ADD PRIMARY KEY ("REPORT_ID")
  USING INDEX PCTFREE 10 INITRANS 20 MAXTRANS 255 
  TABLESPACE "DATA"  ENABLE;
  ALTER TABLE "ADMIN"."LAB_REPORT" ADD CONSTRAINT "CHK_LAB_STATUS" CHECK ("STATUS" IN ('Pending','Completed','Critical')) ENABLE;
--------------------------------------------------------
--  Constraints for Table NURSE
--------------------------------------------------------

  ALTER TABLE "ADMIN"."NURSE" MODIFY ("NURSE_ID" NOT NULL ENABLE);
  ALTER TABLE "ADMIN"."NURSE" MODIFY ("NAME" NOT NULL ENABLE);
  ALTER TABLE "ADMIN"."NURSE" MODIFY ("EMAIL" NOT NULL ENABLE);
  ALTER TABLE "ADMIN"."NURSE" MODIFY ("LICENSE_NUMBER" NOT NULL ENABLE);
  ALTER TABLE "ADMIN"."NURSE" ADD PRIMARY KEY ("NURSE_ID")
  USING INDEX PCTFREE 10 INITRANS 20 MAXTRANS 255 COMPUTE STATISTICS 
  STORAGE(INITIAL 65536 NEXT 1048576 MINEXTENTS 1 MAXEXTENTS 2147483645
  PCTINCREASE 0 FREELISTS 1 FREELIST GROUPS 1
  BUFFER_POOL DEFAULT FLASH_CACHE DEFAULT CELL_FLASH_CACHE DEFAULT)
  TABLESPACE "DATA"  ENABLE;
  ALTER TABLE "ADMIN"."NURSE" ADD UNIQUE ("EMAIL")
  USING INDEX PCTFREE 10 INITRANS 20 MAXTRANS 255 COMPUTE STATISTICS 
  STORAGE(INITIAL 65536 NEXT 1048576 MINEXTENTS 1 MAXEXTENTS 2147483645
  PCTINCREASE 0 FREELISTS 1 FREELIST GROUPS 1
  BUFFER_POOL DEFAULT FLASH_CACHE DEFAULT CELL_FLASH_CACHE DEFAULT)
  TABLESPACE "DATA"  ENABLE;
  ALTER TABLE "ADMIN"."NURSE" ADD UNIQUE ("LICENSE_NUMBER")
  USING INDEX PCTFREE 10 INITRANS 20 MAXTRANS 255 COMPUTE STATISTICS 
  STORAGE(INITIAL 65536 NEXT 1048576 MINEXTENTS 1 MAXEXTENTS 2147483645
  PCTINCREASE 0 FREELISTS 1 FREELIST GROUPS 1
  BUFFER_POOL DEFAULT FLASH_CACHE DEFAULT CELL_FLASH_CACHE DEFAULT)
  TABLESPACE "DATA"  ENABLE;
--------------------------------------------------------
--  Constraints for Table PHARMACEUTICAL
--------------------------------------------------------

  ALTER TABLE "ADMIN"."PHARMACEUTICAL" MODIFY ("NAME" NOT NULL ENABLE);
  ALTER TABLE "ADMIN"."PHARMACEUTICAL" MODIFY ("PHARMACEUTICAL_ID" NOT NULL ENABLE);
  ALTER TABLE "ADMIN"."PHARMACEUTICAL" MODIFY ("LICENSE_NUMBER" NOT NULL ENABLE);
  ALTER TABLE "ADMIN"."PHARMACEUTICAL" ADD PRIMARY KEY ("PHARMACEUTICAL_ID")
  USING INDEX PCTFREE 10 INITRANS 20 MAXTRANS 255 
  TABLESPACE "DATA"  ENABLE;
  ALTER TABLE "ADMIN"."PHARMACEUTICAL" ADD UNIQUE ("EMAIL")
  USING INDEX PCTFREE 10 INITRANS 20 MAXTRANS 255 
  TABLESPACE "DATA"  ENABLE;
  ALTER TABLE "ADMIN"."PHARMACEUTICAL" ADD UNIQUE ("LICENSE_NUMBER")
  USING INDEX PCTFREE 10 INITRANS 20 MAXTRANS 255 
  TABLESPACE "DATA"  ENABLE;
--------------------------------------------------------
--  Constraints for Table DRUG_STOCK
--------------------------------------------------------

  ALTER TABLE "ADMIN"."DRUG_STOCK" MODIFY ("DRUG_ID" NOT NULL ENABLE);
  ALTER TABLE "ADMIN"."DRUG_STOCK" MODIFY ("DRUG_CODE" NOT NULL ENABLE);
  ALTER TABLE "ADMIN"."DRUG_STOCK" MODIFY ("DRUG_NAME" NOT NULL ENABLE);
  ALTER TABLE "ADMIN"."DRUG_STOCK" ADD CHECK (quantity >= 0) ENABLE;
  ALTER TABLE "ADMIN"."DRUG_STOCK" ADD CONSTRAINT "CHECK_DATES" CHECK (expire_date > manufacture_date) ENABLE;
  ALTER TABLE "ADMIN"."DRUG_STOCK" ADD PRIMARY KEY ("DRUG_ID")
  USING INDEX PCTFREE 10 INITRANS 20 MAXTRANS 255 
  STORAGE(INITIAL 65536 NEXT 1048576 MINEXTENTS 1 MAXEXTENTS 2147483645
  PCTINCREASE 0 FREELISTS 1 FREELIST GROUPS 1
  BUFFER_POOL DEFAULT FLASH_CACHE DEFAULT CELL_FLASH_CACHE DEFAULT)
  TABLESPACE "DATA"  ENABLE;
  ALTER TABLE "ADMIN"."DRUG_STOCK" ADD UNIQUE ("DRUG_CODE")
  USING INDEX PCTFREE 10 INITRANS 20 MAXTRANS 255 
  STORAGE(INITIAL 65536 NEXT 1048576 MINEXTENTS 1 MAXEXTENTS 2147483645
  PCTINCREASE 0 FREELISTS 1 FREELIST GROUPS 1
  BUFFER_POOL DEFAULT FLASH_CACHE DEFAULT CELL_FLASH_CACHE DEFAULT)
  TABLESPACE "DATA"  ENABLE;
  ALTER TABLE "ADMIN"."DRUG_STOCK" ADD CHECK (quantity >= 0) ENABLE;
--------------------------------------------------------
--  Constraints for Table PRESCRIPTION
--------------------------------------------------------

  ALTER TABLE "ADMIN"."PRESCRIPTION" MODIFY ("PRESCRIPTION_ID" NOT NULL ENABLE);
  ALTER TABLE "ADMIN"."PRESCRIPTION" MODIFY ("RECORD_ID" NOT NULL ENABLE);
  ALTER TABLE "ADMIN"."PRESCRIPTION" MODIFY ("PATIENT_ID" NOT NULL ENABLE);
  ALTER TABLE "ADMIN"."PRESCRIPTION" MODIFY ("DOCTOR_ID" NOT NULL ENABLE);
  ALTER TABLE "ADMIN"."PRESCRIPTION" ADD PRIMARY KEY ("PRESCRIPTION_ID")
  USING INDEX PCTFREE 10 INITRANS 20 MAXTRANS 255 
  TABLESPACE "DATA"  ENABLE;
--------------------------------------------------------
--  Constraints for Table USER_AUTH
--------------------------------------------------------

  ALTER TABLE "ADMIN"."USER_AUTH" MODIFY ("USER_ID" NOT NULL ENABLE);
  ALTER TABLE "ADMIN"."USER_AUTH" MODIFY ("STAFF_ID" NOT NULL ENABLE);
  ALTER TABLE "ADMIN"."USER_AUTH" MODIFY ("FULL_NAME" NOT NULL ENABLE);
  ALTER TABLE "ADMIN"."USER_AUTH" MODIFY ("PASSWORD_HASH" NOT NULL ENABLE);
  ALTER TABLE "ADMIN"."USER_AUTH" MODIFY ("ROLE" NOT NULL ENABLE);
  ALTER TABLE "ADMIN"."USER_AUTH" MODIFY ("IS_ACTIVE" NOT NULL ENABLE);
  ALTER TABLE "ADMIN"."USER_AUTH" ADD PRIMARY KEY ("USER_ID")
  USING INDEX PCTFREE 10 INITRANS 20 MAXTRANS 255 COMPUTE STATISTICS 
  STORAGE(INITIAL 65536 NEXT 1048576 MINEXTENTS 1 MAXEXTENTS 2147483645
  PCTINCREASE 0 FREELISTS 1 FREELIST GROUPS 1
  BUFFER_POOL DEFAULT FLASH_CACHE DEFAULT CELL_FLASH_CACHE DEFAULT)
  TABLESPACE "DATA"  ENABLE;
  ALTER TABLE "ADMIN"."USER_AUTH" ADD UNIQUE ("STAFF_ID")
  USING INDEX PCTFREE 10 INITRANS 20 MAXTRANS 255 COMPUTE STATISTICS 
  STORAGE(INITIAL 65536 NEXT 1048576 MINEXTENTS 1 MAXEXTENTS 2147483645
  PCTINCREASE 0 FREELISTS 1 FREELIST GROUPS 1
  BUFFER_POOL DEFAULT FLASH_CACHE DEFAULT CELL_FLASH_CACHE DEFAULT)
  TABLESPACE "DATA"  ENABLE;
  ALTER TABLE "ADMIN"."USER_AUTH" ADD UNIQUE ("EMAIL")
  USING INDEX PCTFREE 10 INITRANS 20 MAXTRANS 255 COMPUTE STATISTICS 
  STORAGE(INITIAL 65536 NEXT 1048576 MINEXTENTS 1 MAXEXTENTS 2147483645
  PCTINCREASE 0 FREELISTS 1 FREELIST GROUPS 1
  BUFFER_POOL DEFAULT FLASH_CACHE DEFAULT CELL_FLASH_CACHE DEFAULT)
  TABLESPACE "DATA"  ENABLE;
  ALTER TABLE "ADMIN"."USER_AUTH" ADD CONSTRAINT "CHK_ROLE" CHECK (role IN ('admin','doctor','nurse','reception','pharmacist','patient')) ENABLE;
--------------------------------------------------------
--  Constraints for Table PATIENTS
--------------------------------------------------------

  ALTER TABLE "ADMIN"."PATIENTS" ADD PRIMARY KEY ("PATIENT_ID")
  USING INDEX PCTFREE 10 INITRANS 20 MAXTRANS 255 COMPUTE STATISTICS 
  STORAGE(INITIAL 65536 NEXT 1048576 MINEXTENTS 1 MAXEXTENTS 2147483645
  PCTINCREASE 0 FREELISTS 1 FREELIST GROUPS 1
  BUFFER_POOL DEFAULT FLASH_CACHE DEFAULT CELL_FLASH_CACHE DEFAULT)
  TABLESPACE "DATA"  ENABLE;
  ALTER TABLE "ADMIN"."PATIENTS" MODIFY ("PATIENT_ID" NOT NULL ENABLE);
--------------------------------------------------------
--  Constraints for Table MEDICAL_RECORD
--------------------------------------------------------

  ALTER TABLE "ADMIN"."MEDICAL_RECORD" MODIFY ("RECORD_ID" NOT NULL ENABLE);
  ALTER TABLE "ADMIN"."MEDICAL_RECORD" MODIFY ("APPOINTMENT_ID" NOT NULL ENABLE);
  ALTER TABLE "ADMIN"."MEDICAL_RECORD" MODIFY ("PATIENT_ID" NOT NULL ENABLE);
  ALTER TABLE "ADMIN"."MEDICAL_RECORD" MODIFY ("DOCTOR_ID" NOT NULL ENABLE);
  ALTER TABLE "ADMIN"."MEDICAL_RECORD" ADD PRIMARY KEY ("RECORD_ID")
  USING INDEX PCTFREE 10 INITRANS 20 MAXTRANS 255 COMPUTE STATISTICS 
  STORAGE(INITIAL 65536 NEXT 1048576 MINEXTENTS 1 MAXEXTENTS 2147483645
  PCTINCREASE 0 FREELISTS 1 FREELIST GROUPS 1
  BUFFER_POOL DEFAULT FLASH_CACHE DEFAULT CELL_FLASH_CACHE DEFAULT)
  TABLESPACE "DATA"  ENABLE;
--------------------------------------------------------
--  Constraints for Table PATIENT_DOCTOR_APPOINTMENT
--------------------------------------------------------

  ALTER TABLE "ADMIN"."PATIENT_DOCTOR_APPOINTMENT" MODIFY ("APPOINTMENT_ID" NOT NULL ENABLE);
  ALTER TABLE "ADMIN"."PATIENT_DOCTOR_APPOINTMENT" MODIFY ("PATIENT_ID" NOT NULL ENABLE);
  ALTER TABLE "ADMIN"."PATIENT_DOCTOR_APPOINTMENT" MODIFY ("DOCTOR_ID" NOT NULL ENABLE);
  ALTER TABLE "ADMIN"."PATIENT_DOCTOR_APPOINTMENT" MODIFY ("APPOINTMENT_DATE" NOT NULL ENABLE);
  ALTER TABLE "ADMIN"."PATIENT_DOCTOR_APPOINTMENT" ADD CONSTRAINT "CHK_STATUS" CHECK (status IN ('Scheduled', 'Completed', 'Cancelled', 'No-Show')) ENABLE;
  ALTER TABLE "ADMIN"."PATIENT_DOCTOR_APPOINTMENT" ADD PRIMARY KEY ("APPOINTMENT_ID")
  USING INDEX PCTFREE 10 INITRANS 20 MAXTRANS 255 COMPUTE STATISTICS 
  STORAGE(INITIAL 65536 NEXT 1048576 MINEXTENTS 1 MAXEXTENTS 2147483645
  PCTINCREASE 0 FREELISTS 1 FREELIST GROUPS 1
  BUFFER_POOL DEFAULT FLASH_CACHE DEFAULT CELL_FLASH_CACHE DEFAULT)
  TABLESPACE "DATA"  ENABLE;
  ALTER TABLE "ADMIN"."PATIENT_DOCTOR_APPOINTMENT" ADD CONSTRAINT "CHK_PAYMENT_STATUS" CHECK (PAYMENT_STATUS IN ('Pending', 'Paid')) ENABLE;
  ALTER TABLE "ADMIN"."PATIENT_DOCTOR_APPOINTMENT" ADD CONSTRAINT "CHK_PAYMENT_METHOD" CHECK (PAYMENT_METHOD IN ('Cash', 'Online')) ENABLE;
--------------------------------------------------------
--  Constraints for Table DOCTOR_NURSE_ALLOCATION
--------------------------------------------------------

  ALTER TABLE "ADMIN"."DOCTOR_NURSE_ALLOCATION" MODIFY ("ALLOCATION_ID" NOT NULL ENABLE);
  ALTER TABLE "ADMIN"."DOCTOR_NURSE_ALLOCATION" MODIFY ("DOCTOR_ID" NOT NULL ENABLE);
  ALTER TABLE "ADMIN"."DOCTOR_NURSE_ALLOCATION" MODIFY ("NURSE_ID" NOT NULL ENABLE);
  ALTER TABLE "ADMIN"."DOCTOR_NURSE_ALLOCATION" ADD PRIMARY KEY ("ALLOCATION_ID")
  USING INDEX PCTFREE 10 INITRANS 20 MAXTRANS 255 COMPUTE STATISTICS 
  STORAGE(INITIAL 65536 NEXT 1048576 MINEXTENTS 1 MAXEXTENTS 2147483645
  PCTINCREASE 0 FREELISTS 1 FREELIST GROUPS 1
  BUFFER_POOL DEFAULT FLASH_CACHE DEFAULT CELL_FLASH_CACHE DEFAULT)
  TABLESPACE "DATA"  ENABLE;
--------------------------------------------------------
--  Constraints for Table ADMIN
--------------------------------------------------------

  ALTER TABLE "ADMIN"."ADMIN" MODIFY ("ADMIN_ID" NOT NULL ENABLE);
  ALTER TABLE "ADMIN"."ADMIN" MODIFY ("NAME" NOT NULL ENABLE);
  ALTER TABLE "ADMIN"."ADMIN" MODIFY ("EMAIL" NOT NULL ENABLE);
  ALTER TABLE "ADMIN"."ADMIN" MODIFY ("PASSWORD" NOT NULL ENABLE);
  ALTER TABLE "ADMIN"."ADMIN" ADD PRIMARY KEY ("ADMIN_ID")
  USING INDEX PCTFREE 10 INITRANS 20 MAXTRANS 255 
  TABLESPACE "DATA"  ENABLE;
  ALTER TABLE "ADMIN"."ADMIN" ADD UNIQUE ("EMAIL")
  USING INDEX PCTFREE 10 INITRANS 20 MAXTRANS 255 
  TABLESPACE "DATA"  ENABLE;
--------------------------------------------------------
--  Constraints for Table PRESCRIPTION_ITEM
--------------------------------------------------------

  ALTER TABLE "ADMIN"."PRESCRIPTION_ITEM" MODIFY ("ITEM_ID" NOT NULL ENABLE);
  ALTER TABLE "ADMIN"."PRESCRIPTION_ITEM" MODIFY ("PRESCRIPTION_ID" NOT NULL ENABLE);
  ALTER TABLE "ADMIN"."PRESCRIPTION_ITEM" MODIFY ("DRUG_ID" NOT NULL ENABLE);
  ALTER TABLE "ADMIN"."PRESCRIPTION_ITEM" MODIFY ("DOSAGE" NOT NULL ENABLE);
  ALTER TABLE "ADMIN"."PRESCRIPTION_ITEM" MODIFY ("DURATION" NOT NULL ENABLE);
  ALTER TABLE "ADMIN"."PRESCRIPTION_ITEM" ADD PRIMARY KEY ("ITEM_ID")
  USING INDEX PCTFREE 10 INITRANS 20 MAXTRANS 255 
  STORAGE(INITIAL 65536 NEXT 1048576 MINEXTENTS 1 MAXEXTENTS 2147483645
  PCTINCREASE 0 FREELISTS 1 FREELIST GROUPS 1
  BUFFER_POOL DEFAULT FLASH_CACHE DEFAULT CELL_FLASH_CACHE DEFAULT)
  TABLESPACE "DATA"  ENABLE;
--------------------------------------------------------
--  Constraints for Table DOCTOR
--------------------------------------------------------

  ALTER TABLE "ADMIN"."DOCTOR" MODIFY ("NAME" NOT NULL ENABLE);
  ALTER TABLE "ADMIN"."DOCTOR" MODIFY ("EMAIL" NOT NULL ENABLE);
  ALTER TABLE "ADMIN"."DOCTOR" MODIFY ("LICENSE_NUMBER" NOT NULL ENABLE);
  ALTER TABLE "ADMIN"."DOCTOR" ADD PRIMARY KEY ("DOCTOR_ID")
  USING INDEX PCTFREE 10 INITRANS 20 MAXTRANS 255 COMPUTE STATISTICS 
  STORAGE(INITIAL 65536 NEXT 1048576 MINEXTENTS 1 MAXEXTENTS 2147483645
  PCTINCREASE 0 FREELISTS 1 FREELIST GROUPS 1
  BUFFER_POOL DEFAULT FLASH_CACHE DEFAULT CELL_FLASH_CACHE DEFAULT)
  TABLESPACE "DATA"  ENABLE;
  ALTER TABLE "ADMIN"."DOCTOR" ADD UNIQUE ("EMAIL")
  USING INDEX PCTFREE 10 INITRANS 20 MAXTRANS 255 COMPUTE STATISTICS 
  STORAGE(INITIAL 65536 NEXT 1048576 MINEXTENTS 1 MAXEXTENTS 2147483645
  PCTINCREASE 0 FREELISTS 1 FREELIST GROUPS 1
  BUFFER_POOL DEFAULT FLASH_CACHE DEFAULT CELL_FLASH_CACHE DEFAULT)
  TABLESPACE "DATA"  ENABLE;
  ALTER TABLE "ADMIN"."DOCTOR" ADD UNIQUE ("LICENSE_NUMBER")
  USING INDEX PCTFREE 10 INITRANS 20 MAXTRANS 255 COMPUTE STATISTICS 
  STORAGE(INITIAL 65536 NEXT 1048576 MINEXTENTS 1 MAXEXTENTS 2147483645
  PCTINCREASE 0 FREELISTS 1 FREELIST GROUPS 1
  BUFFER_POOL DEFAULT FLASH_CACHE DEFAULT CELL_FLASH_CACHE DEFAULT)
  TABLESPACE "DATA"  ENABLE;
--------------------------------------------------------
--  Constraints for Table DOCTOR_PATIENT
--------------------------------------------------------

  ALTER TABLE "ADMIN"."DOCTOR_PATIENT" MODIFY ("DOCTOR_ID" NOT NULL ENABLE);
  ALTER TABLE "ADMIN"."DOCTOR_PATIENT" MODIFY ("PATIENT_ID" NOT NULL ENABLE);
  ALTER TABLE "ADMIN"."DOCTOR_PATIENT" ADD CONSTRAINT "PK_DOCTOR_PATIENT" PRIMARY KEY ("DOCTOR_ID", "PATIENT_ID")
  USING INDEX PCTFREE 10 INITRANS 20 MAXTRANS 255 COMPUTE STATISTICS 
  STORAGE(INITIAL 65536 NEXT 1048576 MINEXTENTS 1 MAXEXTENTS 2147483645
  PCTINCREASE 0 FREELISTS 1 FREELIST GROUPS 1
  BUFFER_POOL DEFAULT FLASH_CACHE DEFAULT CELL_FLASH_CACHE DEFAULT)
  TABLESPACE "DATA"  ENABLE;
--------------------------------------------------------
--  Ref Constraints for Table DOCTOR
--------------------------------------------------------

  ALTER TABLE "ADMIN"."DOCTOR" ADD CONSTRAINT "FK_DOCTOR_USER" FOREIGN KEY ("DOCTOR_ID")
	  REFERENCES "ADMIN"."USER_AUTH" ("USER_ID") ENABLE;
--------------------------------------------------------
--  Ref Constraints for Table DOCTOR_NURSE_ALLOCATION
--------------------------------------------------------

  ALTER TABLE "ADMIN"."DOCTOR_NURSE_ALLOCATION" ADD CONSTRAINT "FK_DOCTOR" FOREIGN KEY ("DOCTOR_ID")
	  REFERENCES "ADMIN"."DOCTOR" ("DOCTOR_ID") ENABLE;
  ALTER TABLE "ADMIN"."DOCTOR_NURSE_ALLOCATION" ADD CONSTRAINT "FK_NURSE" FOREIGN KEY ("NURSE_ID")
	  REFERENCES "ADMIN"."NURSE" ("NURSE_ID") ENABLE;
--------------------------------------------------------
--  Ref Constraints for Table DOCTOR_PATIENT
--------------------------------------------------------

  ALTER TABLE "ADMIN"."DOCTOR_PATIENT" ADD CONSTRAINT "FK_DP_DOCTOR" FOREIGN KEY ("DOCTOR_ID")
	  REFERENCES "ADMIN"."USER_AUTH" ("USER_ID") ON DELETE CASCADE ENABLE;
  ALTER TABLE "ADMIN"."DOCTOR_PATIENT" ADD CONSTRAINT "FK_DP_PATIENT" FOREIGN KEY ("PATIENT_ID")
	  REFERENCES "ADMIN"."PATIENTS" ("PATIENT_ID") ON DELETE CASCADE ENABLE;
--------------------------------------------------------
--  Ref Constraints for Table LAB_REPORT
--------------------------------------------------------

  ALTER TABLE "ADMIN"."LAB_REPORT" ADD CONSTRAINT "FK_LR_DOCTOR" FOREIGN KEY ("DOCTOR_ID")
	  REFERENCES "ADMIN"."DOCTOR" ("DOCTOR_ID") ENABLE;
--------------------------------------------------------
--  Ref Constraints for Table MEDICAL_RECORD
--------------------------------------------------------

  ALTER TABLE "ADMIN"."MEDICAL_RECORD" ADD CONSTRAINT "FK_MR_APPOINTMENT" FOREIGN KEY ("APPOINTMENT_ID")
	  REFERENCES "ADMIN"."PATIENT_DOCTOR_APPOINTMENT" ("APPOINTMENT_ID") ENABLE;
  ALTER TABLE "ADMIN"."MEDICAL_RECORD" ADD CONSTRAINT "FK_MR_DOCTOR" FOREIGN KEY ("DOCTOR_ID")
	  REFERENCES "ADMIN"."DOCTOR" ("DOCTOR_ID") ENABLE;
--------------------------------------------------------
--  Ref Constraints for Table PATIENT_DOCTOR_APPOINTMENT
--------------------------------------------------------

  ALTER TABLE "ADMIN"."PATIENT_DOCTOR_APPOINTMENT" ADD CONSTRAINT "FK_DOCTOR_APP" FOREIGN KEY ("DOCTOR_ID")
	  REFERENCES "ADMIN"."DOCTOR" ("DOCTOR_ID") ENABLE;
  ALTER TABLE "ADMIN"."PATIENT_DOCTOR_APPOINTMENT" ADD CONSTRAINT "FK_PATIENT" FOREIGN KEY ("PATIENT_ID")
	  REFERENCES "ADMIN"."PATIENTS" ("PATIENT_ID") ENABLE;
--------------------------------------------------------
--  Ref Constraints for Table PRESCRIPTION
--------------------------------------------------------

  ALTER TABLE "ADMIN"."PRESCRIPTION" ADD CONSTRAINT "FK_PRES_RECORD" FOREIGN KEY ("RECORD_ID")
	  REFERENCES "ADMIN"."MEDICAL_RECORD" ("RECORD_ID") ENABLE;
  ALTER TABLE "ADMIN"."PRESCRIPTION" ADD CONSTRAINT "FK_PRES_DOCTOR" FOREIGN KEY ("DOCTOR_ID")
	  REFERENCES "ADMIN"."DOCTOR" ("DOCTOR_ID") ENABLE;
--------------------------------------------------------
--  Ref Constraints for Table PRESCRIPTION_ITEM
--------------------------------------------------------

  ALTER TABLE "ADMIN"."PRESCRIPTION_ITEM" ADD CONSTRAINT "FK_PI_PRESCRIPTION" FOREIGN KEY ("PRESCRIPTION_ID")
	  REFERENCES "ADMIN"."PRESCRIPTION" ("PRESCRIPTION_ID") ENABLE;
  ALTER TABLE "ADMIN"."PRESCRIPTION_ITEM" ADD CONSTRAINT "FK_PI_DRUG" FOREIGN KEY ("DRUG_ID")
	  REFERENCES "ADMIN"."DRUG_STOCK" ("DRUG_ID") ENABLE;
